# mse, mae, r2
2.222129510958526788e-01 3.773179030643931675e-01 -1.783083644457503336e+00
8.469915038934602847e-02 2.441215853710124450e-01 8.734599048609958949e-03
