# mse, mae, r2
1.820341672401628030e-01 3.190551670237314341e-01 -1.268678689206339083e+00
1.863403636473878744e-01 3.257843660930884733e-01 -1.323303680364535495e+00
