# mse, mae, r2
8.217967417041550926e-02 2.310379302636509091e-01 -2.419933551587893916e-02
8.135275012506675008e-02 2.306145714946227498e-01 -1.431132890857256257e-02
