# mse, mae, r2
7.599746595508573288e-02 2.215600729910988109e-01 1.163639687046302829e-02
7.659049645936080730e-02 2.243502836215015006e-01 5.339546821661489417e-03
