# mse, mae, r2
7.826625936418143969e-02 2.317829580407339551e-01 1.976212118634923520e-02
8.511898593758020215e-02 2.430700854637690145e-01 3.821086514333993378e-03
