{"1d": {"MSE": 0.07826625936418144, "MAE": 0.23178295804073396, "R^2": 0.019762121186349235}, "7d": {"MSE": 0.0851189859375802, "MAE": 0.24307008546376901, "R^2": 0.0038210865143339934}}