{"1d": {"MSE": 0.22221295109585268, "MAE": 0.37731790306439317, "R^2": -1.7830836444575033}, "7d": {"MSE": 0.08469915038934603, "MAE": 0.24412158537101245, "R^2": 0.008734599048609959}}